Language, Program, PowerLimit, Package , Core(s) , GPU , DRAM , Time (ms) , Temperature , Memory 
C ,mandelbrot ,2000 ,0.097229003906250000, 0.081909179687500000,  ,  , 5 , 54.2 , 768 
C ,mandelbrot ,2000 ,0.062683105468750000, 0.055908203125000000,  ,  , 3 , 54.2 , 768 
C ,mandelbrot ,2000 ,0.108581542968750000, 0.076538085937500000,  ,  , 4 , 54.2 , 768 
C ,mandelbrot ,2000 ,0.207702636718750000, 0.137145996093750000,  ,  , 7 , 54.2 , 768 
C ,mandelbrot ,2000 ,0.061767578125000000, 0.067443847656250000,  ,  , 3 , 63.5 , 768 
