Language, Program, PowerLimit, Package, Core(s), GPU, DRAM, Time (ms), Temperature, Memory
C, mandelbrot, -1,18.691772460937500000, 17.671447753906250000,  ,  , 1536, 43.0, 32896
C, mandelbrot, -1,15.616638183593750000, 14.936401367187500000,  ,  , 1365, 45.0, 33152
