Language, Program, PowerLimit, Package , Core(s) , GPU , DRAM , Time (ms) , Temperature , Memory 
C ,regex-redux ,2000 ,0.099853515625000000, 0.083374023437500000,  ,  , 3 , 54.2 , 0 
C ,regex-redux ,2000 ,0.045410156250000000, 0.040588378906250000,  ,  , 2 , 54.2 , 0 
C ,regex-redux ,2000 ,0.100341796875000000, 0.111572265625000000,  ,  , 4 , 54.2 , 0 
C ,regex-redux ,2000 ,0.059692382812500000, 0.059448242187500000,  ,  , 3 , 54.2 , 0 
C ,regex-redux ,2000 ,0.076293945312500000, 0.062805175781250000,  ,  , 3 , 54.2 , 0 
