Language, Program, PowerLimit, Package, Core(s), GPU, DRAM, Time (ms), Temperature, Memory
C, regex-redux, -1,14.435913085937500000, 13.334594726562500000,  ,  , 1413, 43.8, 152292
C, regex-redux, -1,11.753234863281250000, 10.726928710937500000,  ,  , 1285, 43.0, 152208
