Language, Program, PowerLimit, Package , Core(s) , GPU , DRAM , Time (ms) , Temperature , Memory 
C ,k-nucleotide ,2000 ,0.057067871093750000, 0.057861328125000000,  ,  , 3 , 54.2 , 0 
C ,k-nucleotide ,2000 ,0.053161621093750000, 0.044982910156250000,  ,  , 2 , 54.2 , 0 
C ,k-nucleotide ,2000 ,0.060058593750000000, 0.054382324218750000,  ,  , 3 , 54.2 , 0 
C ,k-nucleotide ,2000 ,0.055847167968750000, 0.048461914062500000,  ,  , 3 , 54.2 , 0 
C ,k-nucleotide ,2000 ,0.061340332031250000, 0.053344726562500000,  ,  , 2 , 54.2 , 0 
