Language,Program,PowerLimit,Package,Core,GPU,DRAM,Time,Temperature,Memory
Ada, binary-trees, -1,43.868530273437500000, 40.874328613281250000,  ,  , 4545, 35.5, 202624
Ada, fannkuch-redux, -1,112.152526855468750000, 107.458129882812500000,  ,  , 8625, 42.0, 4736
Ada, fasta, -1,18.210144042968750000, 16.131774902343750000,  ,  , 3897, 39.8, 3968
Ada, k-nucleotide, -1,59.560058593750000000, 52.385314941406250000,  ,  , 8794, 39.2, 259160
Ada, mandelbrot, -1,49.817932128906250000, 47.186401367187500000,  ,  , 3736, 42.2, 36096
Ada, n-body, -1,44.247863769531250000, 38.621887207031250000,  ,  , 6816, 40.2, 3968
Ada, regex-redux, -1,55.706726074218750000, 52.022155761718750000,  ,  , 5468, 41.0, 153772
Ada, reverse-complement, -1,4.071289062500000000, 3.538452148437500000,  ,  , 607, 41.8, 199936
Ada, spectral-norm, -1,13.248352050781250000, 12.426330566406250000,  ,  , 1405, 41.8, 5120
