Language, Program, PowerLimit, Package , Core(s) , GPU , DRAM , Time (ms) , Temperature , Memory 
C ,pidigits ,2000 ,0.071044921875000000, 0.063720703125000000,  ,  , 3 , 54.2 , 768 
C ,pidigits ,2000 ,0.068603515625000000, 0.048400878906250000,  ,  , 3 , 54.2 , 768 
C ,pidigits ,2000 ,0.160522460937500000, 0.121398925781250000,  ,  , 5 , 54.2 , 768 
C ,pidigits ,2000 ,0.069213867187500000, 0.066833496093750000,  ,  , 4 , 54.2 , 768 
C ,pidigits ,2000 ,0.061340332031250000, 0.053039550781250000,  ,  , 3 , 54.2 , 768 
