Language, Program, PowerLimit, Package, Core(s), GPU, DRAM, Time (ms), Temperature, Memory
C++, reverse-complement, -1,2.018188476562500000, 1.746337890625000000,  ,  , 262, 43.8, 127360
C++, reverse-complement, -1,1.502563476562500000, 1.282043457031250000,  ,  , 249, 43.8, 127360
