Language, Program, PowerLimit, Package, Core(s), GPU, DRAM, Time (ms), Temperature, Memory
C++, fasta, -1,6.967468261718750000, 6.294006347656250000,  ,  , 1067, 43.8, 3372
C++, fasta, -1,6.141052246093750000, 5.510192871093750000,  ,  , 1064, 43.0, 3376
