Language, Program, PowerLimit, Package , Core(s) , GPU , DRAM , Time (ms) , Temperature , Memory 
C ,n-body ,2000 ,0.046264648437500000, 0.036376953125000000,  ,  , 11 , 54.2 , 768 
C ,n-body ,2000 ,0.058776855468750000, 0.055786132812500000,  ,  , 3 , 54.2 , 768 
C ,n-body ,2000 ,0.109375000000000000, 0.086975097656250000,  ,  , 4 , 54.2 , 768 
C ,n-body ,2000 ,0.083374023437500000, 0.076721191406250000,  ,  , 3 , 54.2 , 768 
C ,n-body ,2000 ,0.131652832031250000, 0.093200683593750000,  ,  , 4 , 54.2 , 768 
