Language, Program, PowerLimit, Package, Core(s), GPU, DRAM, Time (ms), Temperature, Memory
C, n-body, -1,14.803039550781250000, 13.362915039062500000,  ,  , 2789, 42.8, 1536
C, n-body, -1,19.584838867187500000, 17.812194824218750000,  ,  , 2867, 43.0, 1536
