Language, Program, PowerLimit, Package, Core(s), GPU, DRAM, Time (ms), Temperature, Memory
C, fannkuch-redux, -1,32.231567382812500000, 30.523620605468750000,  ,  , 2959, 41.5, 1536
C, fannkuch-redux, -1,32.554321289062500000, 30.880126953125000000,  ,  , 2983, 42.8, 1536
