Language, Program, PowerLimit, Package, Core(s), GPU, DRAM, Time (ms), Temperature, Memory
C, reverse-complement, -1,1.433471679687500000, 1.227844238281250000,  ,  , 185, 43.8, 129056
C, reverse-complement, -1,1.024780273437500000, 0.867248535156250000,  ,  , 169, 43.8, 129140
