Language, Program, PowerLimit, Package, Core(s), GPU, DRAM, Time (ms), Temperature, Memory
C, spectral-norm, -1,7.066955566406250000, 6.667114257812500000,  ,  , 571, 45.0, 1920
C, spectral-norm, -1,8.433166503906250000, 7.863525390625000000,  ,  , 722, 45.2, 1920
