Language, Program, PowerLimit, Package , Core(s) , GPU , DRAM , Time (ms) , Temperature , Memory 
C ,spectral-norm ,2000 ,0.124633789062500000, 0.074645996093750000,  ,  , 5 , 54.2 , 768 
C ,spectral-norm ,2000 ,0.093688964843750000, 0.093383789062500000,  ,  , 5 , 54.2 , 768 
C ,spectral-norm ,2000 ,0.070861816406250000, 0.066467285156250000,  ,  , 3 , 54.2 , 768 
C ,spectral-norm ,2000 ,0.084716796875000000, 0.070861816406250000,  ,  , 4 , 54.2 , 768 
C ,spectral-norm ,2000 ,0.083679199218750000, 0.078247070312500000,  ,  , 3 , 54.2 , 768 
