Language, Program, PowerLimit, Package, Core(s), GPU, DRAM, Time (ms), Temperature, Memory
C, fasta, -1,5.292968750000000000, 4.552246093750000000,  ,  , 1068, 42.0, 1396
C, fasta, -1,5.894226074218750000, 5.229187011718750000,  ,  , 1082, 41.5, 1408
