Language, Program, PowerLimit, Package , Core(s) , GPU , DRAM , Time (ms) , Temperature , Memory 
C ,fasta ,2000 ,0.080261230468750000, 0.073181152343750000,  ,  , 5 , 54.2 , 768 
C ,fasta ,2000 ,0.138793945312500000, 0.112365722656250000,  ,  , 5 , 54.2 , 768 
C ,fasta ,2000 ,0.088562011718750000, 0.079223632812500000,  ,  , 4 , 54.2 , 768 
C ,fasta ,2000 ,0.105041503906250000, 0.102600097656250000,  ,  , 5 , 54.2 , 768 
C ,fasta ,2000 ,0.139526367187500000, 0.123779296875000000,  ,  , 5 , 54.2 , 768 
