Language, Program, PowerLimit, Package, Core(s), GPU, DRAM, Time (ms), Temperature, Memory
C++, binary-trees, -1,24.544677734375000000, 23.284057617187500000,  ,  , 1014, 65.0, 134528
C++, binary-trees, -1,23.299011230468750000, 22.028320312500000000,  ,  , 1008, 63.8, 217652
C++, binary-trees, -1,22.618530273437500000, 21.387268066406250000,  ,  , 981, 63.8, 201268
C++, binary-trees, -1,22.847045898437500000, 21.495971679687500000,  ,  , 1042, 61.8, 283148
C++, binary-trees, -1,21.843933105468750000, 20.610351562500000000,  ,  , 956, 61.8, 186808
