Language, Program, PowerLimit, Package , Core(s) , GPU , DRAM , Time (ms) , Temperature , Memory 
C ,binary-trees ,2000 ,0.081054687500000000, 0.081787109375000000,  ,  , 4 , 54.2 , 768 
C ,binary-trees ,2000 ,0.092224121093750000, 0.089965820312500000,  ,  , 5 , 54.2 , 768 
C ,binary-trees ,2000 ,0.146057128906250000, 0.138488769531250000,  ,  , 7 , 54.2 , 768 
C ,binary-trees ,2000 ,0.145324707031250000, 0.136352539062500000,  ,  , 8 , 54.2 , 768 
C ,binary-trees ,2000 ,0.104736328125000000, 0.092468261718750000,  ,  , 4 , 54.2 , 768 
